{
  "Set" : {
    "transaction" : "Set",
    "sampleCount" : 10000,
    "errorCount" : 0,
    "errorPct" : 0.0,
    "meanResTime" : 1554.3696000000048,
    "medianResTime" : 1518.0,
    "minResTime" : 69.0,
    "maxResTime" : 3159.0,
    "pct1ResTime" : 2030.8999999999996,
    "pct2ResTime" : 2329.0,
    "pct3ResTime" : 2692.959999999999,
    "throughput" : 37.23008190618019,
    "receivedKBytesPerSec" : 4.871905249441548,
    "sentKBytesPerSec" : 1429.1406831720028
  },
  "Total" : {
    "transaction" : "Total",
    "sampleCount" : 20000,
    "errorCount" : 0,
    "errorPct" : 0.0,
    "meanResTime" : 1331.621699999981,
    "medianResTime" : 1303.0,
    "minResTime" : 5.0,
    "maxResTime" : 3159.0,
    "pct1ResTime" : 1880.0,
    "pct2ResTime" : 2058.0,
    "pct3ResTime" : 2497.980000000003,
    "throughput" : 74.45850055471583,
    "receivedKBytesPerSec" : 109.38854650259115,
    "sentKBytesPerSec" : 1437.586412580136
  },
  "Get" : {
    "transaction" : "Get",
    "sampleCount" : 10000,
    "errorCount" : 0,
    "errorPct" : 0.0,
    "meanResTime" : 1108.8738000000058,
    "medianResTime" : 1108.0,
    "minResTime" : 5.0,
    "maxResTime" : 2735.0,
    "pct1ResTime" : 1522.0,
    "pct2ResTime" : 1601.0,
    "pct3ResTime" : 1966.0,
    "throughput" : 37.50656364863851,
    "receivedKBytesPerSec" : 105.29527481762433,
    "sentKBytesPerSec" : 8.540801280849148
  }
}