{
  "Set" : {
    "transaction" : "Set",
    "sampleCount" : 10000,
    "errorCount" : 0,
    "errorPct" : 0.0,
    "meanResTime" : 1516.4391000000012,
    "medianResTime" : 1466.0,
    "minResTime" : 85.0,
    "maxResTime" : 3871.0,
    "pct1ResTime" : 2108.8999999999996,
    "pct2ResTime" : 2501.0,
    "pct3ResTime" : 3181.959999999999,
    "throughput" : 39.25709866486608,
    "receivedKBytesPerSec" : 5.137159395597709,
    "sentKBytesPerSec" : 1507.1045534308741
  },
  "Total" : {
    "transaction" : "Total",
    "sampleCount" : 20000,
    "errorCount" : 0,
    "errorPct" : 0.0,
    "meanResTime" : 1263.9479499999961,
    "medianResTime" : 1196.0,
    "minResTime" : 11.0,
    "maxResTime" : 3871.0,
    "pct1ResTime" : 1936.0,
    "pct2ResTime" : 2170.9500000000007,
    "pct3ResTime" : 2915.980000000003,
    "throughput" : 78.51080701258527,
    "receivedKBytesPerSec" : 154.06271498467078,
    "sentKBytesPerSec" : 1515.9792800166445
  },
  "Get" : {
    "transaction" : "Get",
    "sampleCount" : 10000,
    "errorCount" : 0,
    "errorPct" : 0.0,
    "meanResTime" : 1011.4567999999997,
    "medianResTime" : 966.0,
    "minResTime" : 11.0,
    "maxResTime" : 3420.0,
    "pct1ResTime" : 1494.8999999999996,
    "pct2ResTime" : 1652.0,
    "pct3ResTime" : 2181.9799999999996,
    "throughput" : 39.59674673128856,
    "receivedKBytesPerSec" : 150.22075340977486,
    "sentKBytesPerSec" : 9.017540368883292
  }
}