{
  "Set" : {
    "transaction" : "Set",
    "sampleCount" : 10000,
    "errorCount" : 0,
    "errorPct" : 0.0,
    "meanResTime" : 1559.7010999999984,
    "medianResTime" : 1501.0,
    "minResTime" : 36.0,
    "maxResTime" : 3925.0,
    "pct1ResTime" : 2265.0,
    "pct2ResTime" : 2558.0,
    "pct3ResTime" : 3237.99,
    "throughput" : 37.92446962629228,
    "receivedKBytesPerSec" : 4.962772392503091,
    "sentKBytesPerSec" : 1455.944091746877
  },
  "Total" : {
    "transaction" : "Total",
    "sampleCount" : 20000,
    "errorCount" : 0,
    "errorPct" : 0.0,
    "meanResTime" : 1311.0291500000071,
    "medianResTime" : 1213.0,
    "minResTime" : 12.0,
    "maxResTime" : 3925.0,
    "pct1ResTime" : 2013.0,
    "pct2ResTime" : 2301.0,
    "pct3ResTime" : 2909.0,
    "throughput" : 75.84548757271686,
    "receivedKBytesPerSec" : 154.26395554008622,
    "sentKBytesPerSec" : 1464.514148027638
  },
  "Get" : {
    "transaction" : "Get",
    "sampleCount" : 10000,
    "errorCount" : 0,
    "errorPct" : 0.0,
    "meanResTime" : 1062.357200000003,
    "medianResTime" : 1016.0,
    "minResTime" : 12.0,
    "maxResTime" : 3411.0,
    "pct1ResTime" : 1531.0,
    "pct2ResTime" : 1798.949999999999,
    "pct3ResTime" : 2348.0,
    "throughput" : 38.17828495508325,
    "receivedKBytesPerSec" : 150.30747165143038,
    "sentKBytesPerSec" : 8.694507862817787
  }
}