{
  "Set" : {
    "transaction" : "Set",
    "sampleCount" : 10000,
    "errorCount" : 0,
    "errorPct" : 0.0,
    "meanResTime" : 693.2626000000014,
    "medianResTime" : 658.0,
    "minResTime" : 75.0,
    "maxResTime" : 1358.0,
    "pct1ResTime" : 980.0,
    "pct2ResTime" : 1041.0,
    "pct3ResTime" : 1238.0,
    "throughput" : 82.57774694875225,
    "receivedKBytesPerSec" : 10.806072354621877,
    "sentKBytesPerSec" : 3170.0500317924325
  },
  "Total" : {
    "transaction" : "Total",
    "sampleCount" : 20000,
    "errorCount" : 0,
    "errorPct" : 0.0,
    "meanResTime" : 602.4734499999998,
    "medianResTime" : 582.0,
    "minResTime" : 11.0,
    "maxResTime" : 1358.0,
    "pct1ResTime" : 891.0,
    "pct2ResTime" : 982.0,
    "pct3ResTime" : 1131.0,
    "throughput" : 165.1404932746534,
    "receivedKBytesPerSec" : 378.714967637624,
    "sentKBytesPerSec" : 3188.5653819596396
  },
  "Get" : {
    "transaction" : "Get",
    "sampleCount" : 10000,
    "errorCount" : 0,
    "errorPct" : 0.0,
    "meanResTime" : 511.68430000000035,
    "medianResTime" : 516.0,
    "minResTime" : 11.0,
    "maxResTime" : 1215.0,
    "pct1ResTime" : 711.0,
    "pct2ResTime" : 787.0,
    "pct3ResTime" : 900.9899999999998,
    "throughput" : 82.75063097356117,
    "receivedKBytesPerSec" : 368.7136188143903,
    "sentKBytesPerSec" : 18.844355113988993
  }
}