{
  "Set" : {
    "transaction" : "Set",
    "sampleCount" : 10000,
    "errorCount" : 0,
    "errorPct" : 0.0,
    "meanResTime" : 1666.2857999999992,
    "medianResTime" : 1651.0,
    "minResTime" : 448.0,
    "maxResTime" : 2949.0,
    "pct1ResTime" : 2045.0,
    "pct2ResTime" : 2186.0,
    "pct3ResTime" : 2359.0,
    "throughput" : 39.29041510323557,
    "receivedKBytesPerSec" : 5.141519163899967,
    "sentKBytesPerSec" : 1509.1126136966388
  },
  "Total" : {
    "transaction" : "Total",
    "sampleCount" : 20000,
    "errorCount" : 0,
    "errorPct" : 0.0,
    "meanResTime" : 1269.3751000000047,
    "medianResTime" : 1277.0,
    "minResTime" : 50.0,
    "maxResTime" : 2949.0,
    "pct1ResTime" : 1879.0,
    "pct2ResTime" : 2047.9500000000007,
    "pct3ResTime" : 2305.0,
    "throughput" : 78.56508724652939,
    "receivedKBytesPerSec" : 15.037848730781015,
    "sentKBytesPerSec" : 1517.8744166542272
  },
  "Get" : {
    "transaction" : "Get",
    "sampleCount" : 10000,
    "errorCount" : 0,
    "errorPct" : 0.0,
    "meanResTime" : 872.4644000000001,
    "medianResTime" : 813.0,
    "minResTime" : 50.0,
    "maxResTime" : 2358.0,
    "pct1ResTime" : 1255.0,
    "pct2ResTime" : 1407.0,
    "pct3ResTime" : 1689.0,
    "throughput" : 39.55289408526022,
    "receivedKBytesPerSec" : 9.965475267575329,
    "sentKBytesPerSec" : 9.126521303188754
  }
}